punto;Fecha;Hora;Sector;Altura(msn);Collector;Altura_planta(cm);Foto;Foto_montaje;Num_muestras;T_colecta(min);Foptico_suelo(cm);Foptico_objetivo(cm);FOV;GFOV;salud;Nubes;Cantidad_nubes_octas;Temperatura(ºC);Viento(m/s);Humedad;Espectroradiometro;id_especie;het;salud;fenologia;Longitud;Latitud;est;ze;est_fit;id_espec;Especies;Familia
1;12/05/2019;9:06:00;Quebrada La Vieja;2810,88;Nelson Nieto;30;1575554959829.jpg;no aplica;1;10;30;25;25;11,7;;Cirros;Cielo despejado;10;2;;USB 4000;;;;;-74,04363049;4,645132215;;;;;Tillandsia biflora;Bromeliaceae
2;12/05/2019;9:00:00;Quebrada La Vieja;2810,88;Nelson Nieto;160;1575554547106.jpg;no aplica;1;20;160;25;25;11,7;;Cirros;Cielo despejado;10;2;;USB 4000;;;;;-74,04363047;4,645132213;;;;;Pteridium aquilinum;Bromeliaceae
3;2/04/2020;9:24:00;Quebrada las delicias;2852,81;Nelson Nieto;600;1580826406135.jpg;no aplica;1;10;600;25;25;11,7;;Cirros;Cielo despejado;11;1;;USB 4000;;;;;-74,04952969;4,635815024;;;;;Alnus acuminata;Betulaceae
4;2/04/2020;8:42:00;Quebrada las delicias;2867,66;Nelson Nieto;250;1580823840589.jpg;no aplica;1;10;250;25;25;11,7;;Cirros;Cielo despejado;10;2;;USB 4000;;;;;-74,04948934;4,635934609;;;;;Cavendishia bracteata;Ericaceae
5;2/04/2020;9:05:00;Quebrada las delicias;2891,53;Nelson Nieto;120;1580825203553.jpg;no aplica;1;10;120;25;25;11,7;;Cirros;Cielo despejado;11;2;;USB 4000;;;;;-74,04960768;4,635978185;;;;;Chusquea scandens;Poaceae
6;2/04/2020;9:55:00;Quebrada las delicias;2878,44;Nelson Nieto;2000;1580828183274.jpg;1580828218281.jpg;1;10;2000;25;25;11,7;;Cirros;Cielo despejado;13;2;;USB 4000;;;;;-74,04955632;4,635964144;;;;;Clusia multiflora;Clusiaceae
7;2/04/2020;8:56:00;Quebrada las delicias;2907,54;Nelson Nieto;250;1580824655247.jpg;no aplica;1;15;250;25;25;11,7;;Cirros;Cielo despejado;10;2;;USB 4000;;;;;-74,04960624;4,636003281;;;;;Linochilus revolutus;Compositae
8;2/04/2020;10:51:00;Quebrada las delicias;2902,24;Nelson Nieto;2000;1580831590679.jpg;no aplica;1;10;2000;25;25;11,7;;Cirros;Cielo despejado;13;3;;USB 4000;;;;;-74,04987603;4,636404128;;;;;Meliosma bogotana;Sabiaceae
9;2/04/2020;9:45:00;Quebrada las delicias;2868,37;Nelson Nieto;100;1580827592199.jpg;no aplica;1;10;100;25;25;11,7;;Cirros;Cielo despejado;11;1;;USB 4000;;;;;-74,04960252;4,635940764;;;;;Miconia parvifolia;Melastomataceae
10;2/04/2020;8:27:00;Quebrada las delicias;2811,07;Nelson Nieto;600;1580822997641.jpg;no aplica;2;20;600;25;25;11,7;;Cirros;Cielo despejado;9;1;;USB 4000;;;;;-74,04924231;4,63578918;;;;;Miconia squamulosa;Melastomataceae
11;2/04/2020;11:10:00;Quebrada las delicias;2875,77;Nelson Nieto;500;1580832781199.jpg;no aplica;1;10;500;25;25;11,7;;Cirros;Cielo despejado;13;2;;USB 4000;;;;;-74,04987086;4,636286245;;;;;Oreopanax incisus;Araliaceae
12;2/04/2020;10:32:00;Quebrada las delicias;2844,76;Nelson Nieto;250;1580830421016.jpg;no aplica;4;10;250;25;25;11,7;;Cirros;Cielo despejado;13;2;;USB 4000;;;;;-74,05001684;4,636032681;;;;;Psychotria boqueronensis;Rubiaceae
13;2/04/2020;9:37:00;Quebrada las delicias;2857,83;Nelson Nieto;200;1580827149962.jpg;no aplica;1;10;200;25;25;11,7;;Cirros;Cielo despejado;11;1;;USB 4000;;;;;-74,04957337;4,635891505;;;;;Weinmannia tomentosa;Cunoniaceae
14;2/05/2020;8:24:00;Quebrada La Vieja;2924,97;Nelson Nieto;250;1580909248731.jpg;no aplica;1;10;250;25;25;11,7;;Cirros;Cielo despejado;11;2;;USB 4000;;;;;-74,04030399;4,641238151;;;;;Ageratina asclepiadea;Compositae
15;2/05/2020;10:21:00;Quebrada La Vieja;2987,43;Nelson Nieto;100;1580916187145.jpg;no aplica;1;10;100;25;25;11,7;;Cirros;Cielo despejado;14;2;;USB 4000;;;;;-74,04095189;4,640088426;;;;;Chusquea scandens;Poaceae
16;2/05/2020;10:27:00;Quebrada La Vieja;2965,66;Nelson Nieto;500;1580916558617.jpg;1580916601613.jpg;1;10;500;25;25;11,7;;Cirros;Cielo despejado;14;2;;USB 4000;;;;;-74,04068484;4,640096352;;;;;Citharexylum sulcatum;Verbenaceae
17;2/05/2020;10:45:00;Quebrada La Vieja;2964,25;Nelson Nieto;230;1580917806636.jpg;no aplica;2;10;230;25;25;11,7;;Cirros;Cielo despejado;14;2;;USB 4000;;;;;-74,04052591;4,640802636;;;;;Drymmis granadensis;Winteraceae
18;2/05/2020;10:12:00;Quebrada La Vieja;2976,03;Nelson Nieto;220;1580915638672.jpg;no aplica;1;10;220;25;25;11,7;;Cirros;Cielo despejado;14;2;;USB 4000;;;;;-74,0408303;4,640026998;;;;;Eucalyptus globulus;Myrtaceae
19;2/05/2020;9:45:00;Quebrada La Vieja;2985,99;Nelson Nieto;350;1580914062390.jpg;1580914096875.jpg;1;10;350;25;25;11,7;;Cirros;Cielo despejado;12;2;;USB 4000;;;;;-74,04079882;4,640098922;;;;;Miconia ligustrina;Melastomataceae
20;2/05/2020;8:10:00;Quebrada La Vieja;2959,07;Nelson Nieto;600;1580908320277.jpg;no aplica;4;10;600;25;25;11,7;;Cirros;Cielo despejado;10;1;;USB 4000;;;;;-74,04039844;4,641254126;;;;;Morella pubescens ;Myricaceae
21;2/05/2020;9:03:00;Quebrada La Vieja;2983,78;Nelson Nieto;450;1580911829883.jpg;no aplica;5;10;450;25;25;11,7;;Cirros;Cielo despejado;11;2;;USB 4000;;;;;-74,04079329;4,640574483;;;;;Myrcianthes cf. orthostemon;Myrtaceae
22;2/05/2020;9:58:00;Quebrada La Vieja;2982,96;Nelson Nieto;500;1580914885944.jpg;1580914784288.jpg;1;10;500;25;25;11,7;;Cirros;Cielo despejado;12;2;;USB 4000;;;;;-74,04082597;4,640180549;;;;;Oreopanax bogotensis;Araliaceae
23;2/05/2020;9:32:00;Quebrada La Vieja;2986,76;Nelson Nieto;200;1580913540980.jpg;no aplica;1;10;200;25;25;11,7;;Cirros;Cielo despejado;12;2;;USB 4000;;;;;-74,04101357;4,640259027;;;;;Oreopanax incisus;Araliaceae
24;2/05/2020;8:50:00;Quebrada La Vieja;2945,15;Nelson Nieto;800;1580910881030.jpg;1580910910081.jpg;1;10;800;25;25;11,7;;Cirros;Cielo despejado;11;2;;USB 4000;;;;;-74,04050401;4,640751316;;;;;Smallanthus pyramidalis;Compositae
25;2/05/2020;8:19:00;Quebrada La Vieja;2951,1;Nelson Nieto;210;1580908852984.jpg;1580908889972.jpg;1;10;210;25;25;11,7;;Cirros;Cielo despejado;10;2;;USB 4000;;;;;-74,04033852;4,641315257;;;;;Tibouchina grossa;Melastomataceae
26;2/05/2020;9:24:00;Quebrada La Vieja;2948,52;Nelson Nieto;800;1580912870336.jpg;no aplica;1;10;800;25;25;11,7;;Cirros;Cielo despejado;12;2;;USB 4000;;;;;-74,04089504;4,640245821;;;;;Weinmannia tomentosa;Cunoniaceae
27;2/19/2020;10:54:00;La Aguadora;2836,03;Nelson Nieto;200;1582128022648.jpg;no aplica;1;10;200;25;25;11,7;;Estratocumulos;8-jun;13;1;;USB 4000;;;;;-74,02005669;4,685108638;;;;;Baccharis prunifolia ;Compositae
28;2/19/2020;8:20:00;La Aguadora;2825,12;Nelson Nieto;100;1582118881416.jpg;no aplica;2;10;100;25;25;11,7;;Estratocumulos;8-jun;11;1;;USB 4000;;;;;-74,02020184;4,685889267;;;;;Bejaria ledifolia ;Ericaceae
29;2/19/2020;8:58:00;La Aguadora;2815,13;Nelson Nieto;200;1582120840324.jpg;no aplica;1;10;200;25;25;11,7;;Estratocumulos;8-jun;11;1;;USB 4000;;;;;-74,02048621;4,685778086;;;;;Cavendishia bracteata;Ericaceae
30;2/19/2020;9:21:00;La Aguadora;2828,58;Nelson Nieto;350;1582122453599.jpg;no aplica;4;10;350;25;25;11,7;;Estratocumulos;8-jun;11;1;;USB 4000;;;;;-74,02042592;4,68530403;;;;;Clethra fimbriata;Clethraceae
31;2/19/2020;10:09:00;La Aguadora;2838,88;Nelson Nieto;800;1582125218088.jpg;no aplica;1;10;800;25;25;11,7;;Estratocumulos;8-jun;12;1;;USB 4000;;;;;-74,02013719;4,685219731;;;;;Daphnopsis caracasana;Thymelaeaceae
32;2/19/2020;8:45:00;La Aguadora;2814,3;Nelson Nieto;350;1582120010092.jpg;no aplica;1;10;350;25;25;11,7;;Estratocumulos;8-jun;11;1;;USB 4000;;;;;-74,02042921;4,68575408;;;;;Gaiadendron punctatum;Loranthaceae
33;2/19/2020;9:35:00;La Aguadora;2829,26;Nelson Nieto;90;1582122989808.jpg;no aplica;1;10;90;25;25;11,7;;Estratocumulos;8-jun;11;0;;USB 4000;;;;;-74,02039864;4,685229237;;;;;Hypericum  juniperinum;Hypericaceae
34;2/19/2020;8:11:00;La Aguadora;2818,64;Nelson Nieto;300;1582118075087.jpg;no aplica;1;20;300;25;25;11,7;;Estratocumulos;8-jun;11;1;;USB 4000;;;;;-74,02016649;4,685912776;;;;;Linochilus revolutus;Compositae
35;2/19/2020;10:45:00;La Aguadora;2838,27;Nelson Nieto;200;1582127429297.jpg;no aplica;1;10;200;25;25;11,7;;Estratocumulos;8-jun;13;1;;USB 4000;;;;;-74,02003915;4,685080797;;;;;Miconia parvifolia;Melastomataceae
36;2/19/2020;10:36:00;La Aguadora;2837,53;Nelson Nieto;400;1582126753154.jpg;no aplica;1;10;400;25;25;11,7;;Estratocumulos;8-jun;13;1;;USB 4000;;;;;-74,02004641;4,685064022;;;;;Miconia squamulosa;Melastomataceae
37;2/19/2020;10:00:00;La Aguadora;2836,26;Nelson Nieto;600;1582124621165.jpg;no aplica;1;10;600;25;25;11,7;;Estratocumulos;8-jun;12;1;;USB 4000;;;;;-74,02009384;4,685166881;;;;;Morella pubescens ;Myricaceae
38;2/19/2020;11:20:00;La Aguadora;2840,23;Nelson Nieto;250;1582129387674.jpg;no aplica;1;10;250;25;25;11,7;;Estratocumulos;8-jun;13;1;;USB 4000;;;;;-74,01980779;4,68526976;;;;;Myrcianthes leucoxyla;Myrtaceae
39;2/19/2020;9:54:00;La Aguadora;2835,92;Nelson Nieto;400;1582124270698.jpg;no aplica;1;10;400;25;25;11,7;;Estratocumulos;8-jun;11;1;;USB 4000;;;;;-74,02015231;4,685157342;;;;;Oreopanax incisus;Araliaceae
40;2/19/2020;11:02:00;La Aguadora;2837,88;Nelson Nieto;400;1582128231210.jpg;no aplica;2;10;400;25;25;11,7;;Estratocumulos;8-jun;13;1;;USB 4000;;;;;-74,02003443;4,685059599;;;;;Palicourea angustifolia ;Rubiaceae
41;2/19/2020;10:31:00;La Aguadora;2840,23;Nelson Nieto;3000;1582126349328.jpg;no aplica;1;10;3000;25;25;11,7;;Estratocumulos;8-jun;13;0;;USB 4000;;;;;-74,01999689;4,685063732;;;;;Pinus patula;Pinaceae
42;2/19/2020;10:20:00;La Aguadora;2837,79;Nelson Nieto;250;1582125709541.jpg;no aplica;1;10;250;25;25;11,7;;Estratocumulos;8-jun;12;1;;USB 4000;;;;;-74,02016626;4,685260836;;;;;Pteridium aquilinum;Dennstaedtiaceae
43;2/19/2020;9:06:00;La Aguadora;2827,9;Nelson Nieto;150;1582121262267.jpg;no aplica;2;10;150;25;25;11,7;;Estratocumulos;8-jun;11;1;;USB 4000;;;;;-74,02042049;4,685729031;;;;;Ulex eurapaeus;Leguminosae
44;2/20/2020;8:57:00;Paramo las Moyas;3180,74;Nelson Nieto;200;1582207104395.jpg;no aplica;4;10;200;25;25;11,7;;Estratocumulos;8-may;11;2;;USB 4000;;;;;-74,02497487;4,662554486;;;;;Cavendishia bracteata;Ericaceae
45;2/20/2020;10:24:00;Páramo las Moyas;3229,88;Nelson Nieto;350;1582213744493.jpg;no aplica;1;10;350;25;25;11,7;;Estratocumulos;8-may;12;2;;USB 4000;;;;;-74,02710835;4,660510506;;;;;Drymmis granadensis;Winteraceae
46;2/20/2020;9:21:00;Páramo las Moyas;3189,15;Nelson Nieto;450;1582208557518.jpg;no aplica;2;10;450;25;25;11,7;;Estratocumulos;8-may;12;2;;USB 4000;;;;;-74,02504099;4,662511676;;;;;Gaiadendron punctatum;Loranthaceae
47;2/20/2020;10:19:00;Páramo las Moyas;3235,25;Nelson Nieto;350;1582212124041.jpg;no aplica;1;10;350;25;25;11,7;;Estratocumulos;8-may;12;1;;USB 4000;;;;;-74,02660978;4,660037127;;;;;Hesperomeles  goudotiana;Rosaceae
48;2/20/2020;9:36:00;Páramo las Moyas;3186,24;Nelson Nieto;120;1582209471803.jpg;no aplica;1;10;120;25;25;11,7;;Estratocumulos;8-may;12;2;;USB 4000;;;;;-74,0250406;4,662291684;;;;;Kniphofia uvaria ;Xanthorrhoeaceae
49;2/20/2020;8:48:00;Paramo las Moyas;3185,31;Nelson Nieto;400;1582206662473.jpg;no aplica;1;10;400;25;25;11,7;;Estratocumulos;8-may;11;1;;USB 4000;;;;;-74,02499334;4,66260291;;;;;Miconia ligustrina ;Melastomataceae
50;2/20/2020;11:24:00;Páramo las Moyas;3215,33;Nelson Nieto;500;1582215977802.jpg;no aplica;1;10;500;25;25;11,7;;Estratocumulos;8-may;12;1;;USB 4000;;;;;-74,02699491;4,660617659;;;;;Monnina aestuans;Polygalaceae
51;2/20/2020;9:25:00;Páramo las Moyas;3190,97;Nelson Nieto;450;1582208776598.jpg;no aplica;1;10;450;25;25;11,7;;Estratocumulos;8-may;12;0;;USB 4000;;;;;-74,02507213;4,662485544;;;;;Morella pubescens ;Myricaceae
52;2/20/2020;11:12:00;Páramo las Moyas;3214,45;Nelson Nieto;400;1582215227359.jpg;no aplica;1;10;400;25;25;11,7;;Estratocumulos;8-may;12;2;;USB 4000;;;;;-74,02700923;4,660575556;;;;;Oreopanax bogotensis;Araliaceae
53;2/20/2020;10:59:00;Páramo las Moyas;3227,64;Nelson Nieto;150;1582214414092.jpg;no aplica;2;10;150;25;25;11,7;;Estratocumulos;8-may;12;2;;USB 4000;;;;;-74,02697858;4,660229369;;;;;Pentacala pulchella ;Asteraceae
54;2/20/2020;11:53:00;Páramo las Moyas;3183,07;Nelson Nieto;1700;1582217702307.jpg;no aplica;1;10;1700;25;25;11,7;;Estratocumulos;8-may;12;1;;USB 4000;;;;;-74,02481903;4,662268366;;;;;Quercus  humboldtii;Fagaceae
55;2/20/2020;8:38:00;Páramo las Moyas;3181,59;Nelson Nieto;400;1582206079535.jpg;no aplica;4;20;400;25;25;11,7;;Estratocumulos;8-may;11;1;;USB 4000;;;;;-74,02500157;4,662599274;;;;;Tibouchina grossa;Melastomataceae
56;2/20/2020;9:06:00;Paramo las Moyas;3186,7;Nelson Nieto;350;1582207702769.jpg;no aplica;1;10;350;25;25;11,7;;Estratocumulos;8-may;12;2;;USB 4000;;;;;-74,02493138;4,662552401;;;;;Viburnum triphyllum;Adoxaceae
57;2/20/2020;10:10:00;Páramo las Moyas;3233,39;Nelson Nieto;500;1582211574579.jpg;no aplica;1;10;500;25;25;11,7;;Estratocumulos;8-may;12;1;;USB 4000;;;;;-74,02643323;4,660148795;;;;;Weinmannia tomentosa;Cunoniaceae
58;2/21/2020;8:51:00;Soratama;2964,41;Nelson Nieto;300;1582293153271.jpg;1582293170507.jpg;2;10;300;25;25;11,7;;Estratocumulos;8-jun;11;1;;USB 4000;;;;;-74,01158668;4,740764914;;;;;Ageratina asclepiadea;Compositae
59;2/21/2020;10:37:00;Soratama;2944,03;Nelson Nieto;450;1582299486441.jpg;no aplica;2;10;450;25;25;11,7;;Estratocumulos;8-Jan;13;1;;USB 4000;;;;;-74,01160647;4,741431531;;;;;Alnus acuminata;Betulaceae
60;2/21/2020;9:20:00;Soratama;2959,17;Nelson Nieto;210;1582294909848.jpg;no aplica;1;10;210;25;25;11,7;;Estratocumulos;8-may;12;1;;USB 4000;;;;;-74,01160885;4,740746636;;;;;Baccharis latifolia;Compositae
61;2/21/2020;11:24:00;Soratama;2913,86;Nelson Nieto;400;1582302352760.jpg;no aplica;3;10;400;25;25;11,7;;Estratocumulos;8-Jan;14;2;;USB 4000;;;;;-74,01239788;4,741000863;;;;;Cavendishia bracteata;Ericaceae
62;2/21/2020;11:20:00;Soratama;2916,3;Nelson Nieto;150;1582302065692.jpg;no aplica;2;10;150;25;25;11,7;;Estratocumulos;8-Jan;14;2;;USB 4000;;;;;-74,01234773;4,740963738;;;;;Chusquea scandens;Poaceae
63;2/21/2020;9:14:00;Soratama;2953,36;Nelson Nieto;180;1582294555056.jpg;no aplica;1;10;180;25;25;11,7;;Estratocumulos;8-may;12;1;;USB 4000;;;;;-74,01154459;4,740725104;;;;;Clethra fimbriata;Clethraceae
64;2/21/2020;11:01:00;Soratama;2928,82;Nelson Nieto;450;1582301054722.jpg;no aplica;2;10;450;25;25;11,7;;Estratocumulos;8-Jan;14;2;;USB 4000;;;;;-74,01226885;4,741018622;;;;;Clusia multiflora ;Clusiaceae
65;2/21/2020;10:04:00;Soratama;2937,73;Nelson Nieto;300;1582297539143.jpg;no aplica;1;10;300;25;25;11,7;;Estratocumulos;8-feb;13;1;;USB 4000;;;;;-74,01152261;4,740868114;;;;;Eucalyptus globulus;Myrtaceae
66;2/21/2020;9:40:00;Soratama;2949,94;Nelson Nieto;200;1582296122090.jpg;no aplica;3;10;200;25;25;11,7;;Estratocumulos;8-may;12;1;;USB 4000;;;;;-74,01158272;4,740723714;;;;;Gaiadendron punctatum;Loranthaceae
67;2/21/2020;10:20:00;Soratama;2934,05;Nelson Nieto;20;1582298507949.jpg;no aplica;2;10;20;25;25;11,7;;Estratocumulos;8-Jan;13;1;;USB 4000;;;;;-74,01156267;4,741312751;;;;;Hypericum  juniperinum;Hypericaceae
68;2/21/2020;10:28:00;Soratama;2946,69;Nelson Nieto;160;1582298943778.jpg;no aplica;2;10;160;25;25;11,7;;Estratocumulos;8-Jan;13;1;;USB 4000;;;;;-74,01147252;4,741256774;;;;;Miconia parvifolia;Melastomataceae
69;2/21/2020;8:59:00;Soratama;2938,57;Nelson Nieto;350;1582293654728.jpg;no aplica;1;10;350;25;25;11,7;;Estratocumulos;8-jun;11;1;;USB 4000;;;;;-74,01161541;4,740770856;;;;;Monnina aestuans;Polygalaceae
70;2/21/2020;10:51:00;Soratama;2929,46;Nelson Nieto;250;1582300373371.jpg;no aplica;1;10;250;25;25;11,7;;Estratocumulos;8-Jan;14;0;;USB 4000;;;;;-74,0117572;4,741476869;;;;;Myrsine coriacea;Primulaceae
71;2/21/2020;9:48:00;Soratama;2943,14;Nelson Nieto;300;1582296568057.jpg;no aplica;2;10;300;25;25;11,7;;Estratocumulos;8-feb;13;1;;USB 4000;;;;;-74,01155493;4,740720303;;;;;Myrsine guianensis;Primulaceae
72;2/21/2020;9:10:00;Soratama;2958,18;Nelson Nieto;100;1582294271724.jpg;no aplica;1;10;100;25;25;11,7;;Estratocumulos;8-jun;12;1;;USB 4000;;;;;-74,01160209;4,740725971;;;;;Pteridium aquilinum;Dennstaedtiaceae
73;2/21/2020;8:39:00;Soratama;2961,95;Nelson Nieto;300;1582292453935.jpg;no aplica;2;20;300;25;25;11,7;;Estratocumulos;8-jun;11;1;;USB 4000;;;;;-74,01158949;4,740722156;;;;;Vallea stipularis;Elaeocarpaceae
74;2/21/2020;11:16:00;Soratama;2925,68;Nelson Nieto;300;1582301830460.jpg;no aplica;2;10;300;25;25;11,7;;Estratocumulos;8-Jan;14;2;;USB 4000;;;;;-74,01236921;4,740951926;;;;;weinmannia tomentosa;Cunoniaceae
75;3/02/2020;11:56:00;Laguna Los Tunjos;3728,42;Nelson Nieto;500;1583168262761.jpg;no aplica;1;10;500;25;25;11,7;;Estratos;8-Aug;8;2;;USB 4000;;;;;-74,20713048;4,289697177;;;;;Baccharis prunifolia ;Compositae
76;3/02/2020;10:10:00;Laguna Los Tunjos;3761,43;Nelson Nieto;220;1583161911683.jpg;no aplica;1;10;220;25;25;11,7;;Estratos;8-Aug;8;2;;USB 4000;;;;;-74,21124085;4,287466946;;;;;Chusquea tessellata;Poaceae
77;3/02/2020;8:56:00;Laguna Los Tunjos;3749,22;Nelson Nieto;180;1583157449289.jpg;no aplica;2;10;180;25;25;11,7;;Estratos;8-Aug;7;2;;USB 4000;;;;;-74,20931184;4,289209986;;;;;Escallonia myrtilloides;Escalloniaceae
78;3/02/2020;9:06:00;Laguna Los Tunjos;3741,48;Nelson Nieto;130;1583158051617.jpg;no aplica;1;10;130;25;25;11,7;;Estratos;8-Aug;7;2;;USB 4000;;;;;-74,20938341;4,289262651;;;;;Espeletia grandiflora;Compositae
79;3/02/2020;9:11:00;Laguna Los Tunjos;3751,14;Nelson Nieto;160;1583158441132.jpg;no aplica;1;10;160;25;25;11,7;;Estratos;8-Aug;7;2;;USB 4000;;;;;-74,20930047;4,289259766;;;;;Espeletia grandiflora;Compositae
80;3/02/2020;9:19:00;Laguna Los Tunjos;3751,11;Nelson Nieto;40;1583158855066.jpg;no aplica;1;10;40;25;25;11,7;;Estratos;8-Aug;8;1;;USB 4000;;;;;-74,2092096;4,289320535;;;;;Espeletia grandiflora;Compositae
81;3/02/2020;9:28:00;Laguna Los Tunjos;3758,04;Nelson Nieto;80;1583159358211.jpg;no aplica;1;10;80;25;25;11,7;;Estratos;8-Aug;8;1;;USB 4000;;;;;-74,20917218;4,289374221;;;;;Hypericum  juniperinum;Hypericaceae
82;3/02/2020;12:32:00;Laguna Los Tunjos;3717,85;Nelson Nieto;100;1583170411467.jpg;no aplica;2;18;100;25;25;11,7;;Estratos;8-Aug;10;3;;USB 4000;;;;;-74,20666179;4,289746199;;;;;Hypericum myriicarifolium;Hypericaceae
83;3/02/2020;12:24:00;Laguna Los Tunjos;3718,55;Nelson Nieto;5;1583169921466.jpg;no aplica;2;10;5;25;25;11,7;;Estratos;8-Aug;8;3;;USB 4000;;;;;-74,2066937;4,289810265;;;;;Leptodontium viticulosoides;Pottiaceae
84;3/02/2020;10:36:00;Laguna Los Tunjos;3745,5;Nelson Nieto;220;1583163501818.jpg;no aplica;1;10;220;25;25;11,7;;Estratos;8-Aug;8;2;;USB 4000;;;;;-74,21078754;4,287462738;;;;;Linochilus revolutus;Compositae
85;3/02/2020;12:05:00;Laguna Los Tunjos;3711,69;Nelson Nieto;230;1583168778466.jpg;no aplica;2;10;230;25;25;11,7;;Estratos;8-Aug;8;3;;USB 4000;;;;;-74,20678946;4,289973718;;;;;Linochilus revolutus;Compositae
86;3/02/2020;12:44:00;Laguna Los Tunjos;3725,96;Nelson Nieto;20;1583171111693.jpg;no aplica;1;10;20;25;25;11,7;;Estratos;8-Aug;10;3;;USB 4000;;;;;-74,20659688;4,289478504;;;;;Lycopodium clavatum;Lycopodiaceae
87;3/02/2020;10:25:00;Laguna Los Tunjos;3749,73;Nelson Nieto;220;1583162876089.jpg;no aplica;1;10;220;25;25;11,7;;Estratos;8-Aug;8;2;;USB 4000;;;;;-74,21114907;4,287506932;;;;;Miconia  salicifolia ;Melastomataceae
88;3/02/2020;10:46:00;Laguna Los Tunjos;3740,64;Nelson Nieto;280;1583164078243.jpg;no aplica;2;10;280;25;25;11,7;;Estratos;8-Aug;8;2;;USB 4000;;;;;-74,21105685;4,287606515;;;;;Miconia  salicifolia ;Melastomataceae
89;3/02/2020;9:54:00;Laguna Los Tunjos;3762,12;Nelson Nieto;70;1583160947593.jpg;no aplica;1;10;70;25;25;11,7;;Estratos;8-Aug;8;1;;USB 4000;;;;;-74,21003863;4,288725605;;;;;Pentacalia ledifolia;Compositae
90;3/02/2020;11:49:00;Laguna Los Tunjos;3727,62;Nelson Nieto;120;1583167783606.jpg;no aplica;1;10;120;25;25;11,7;;Estratos;8-Aug;8;2;;USB 4000;;;;;-74,20717395;4,289713648;;;;;Pentacalia ledifolia;Compositae
91;3/02/2020;9:42:00;Laguna Los Tunjos;3754,74;Nelson Nieto;60;1583160209653.jpg;no aplica;1;10;60;25;25;11,7;;Estratos;8-Aug;8;1;;USB 4000;;;;;-74,20948525;4,289163514;;;;;Puya santosii;Bromeliaceae
92;3/02/2020;10:19:00;Laguna Los Tunjos;3749,41;Nelson Nieto;50;1583162487114.jpg;no aplica;1;10;50;25;25;11,7;;Estratos;8-Aug;8;2;;USB 4000;;;;;-74,2111729;4,287482714;;;;;Puya santosii;Bromeliaceae
93;3/02/2020;12:51:00;Laguna Los Tunjos;3726,69;Nelson Nieto;30;1583171535126.jpg;no aplica;1;10;30;25;25;11,7;;Estratos;8-Aug;10;3;;USB 4000;;;;;-74,20650941;4,289336686;;;;;Valeriana pilosa;Caprifoliaceae
94;3/06/2020;10:00:00;PNN Sumapaz;3380,74;Nelson Nieto;600;1583506914831.jpg;no aplica;2;10;600;25;25;11,7;;Cirros;8-feb;9;3;;USB 4000;;;;;-74,18628651;4,206950676;;;;;Ageratina asclepiadea;Compositae
95;3/06/2020;10:07:00;PNN Sumapaz;3381,51;Nelson Nieto;600;1583507533723.jpg;no aplica;1;10;600;25;25;11,7;;Cirros;8-feb;9;3;;USB 4000;;;;;-74,18624445;4,206934132;;;;;Ageratina tinifolia ;Compositae
96;3/06/2020;1:42:00;PNN Sumapaz;3245,1;Nelson Nieto;300;1583520246290.jpg;no aplica;2;10;300;25;25;11,7;;Cirros;8-feb;11;1;;USB 4000;;;;;-74,1845383;4,181268795;;;;;Ageratina tinifolia ;Compositae
97;3/06/2020;11:16:00;PNN Sumapaz;3354,81;Nelson Nieto;250;1583511693050.jpg;no aplica;2;10;250;25;25;11,7;;Cirros;8-feb;10;2;;USB 4000;;;;;-74,18661979;4,206393682;;;;;Brachyotum strigosum;Melastomataceae
98;3/06/2020;10:30:00;PNN Sumapaz;3364,8;Nelson Nieto;400;1583508742309.jpg;no aplica;1;10;400;25;25;11,7;;Cirros;8-feb;9;3;;USB 4000;;;;;-74,18639021;4,206762518;;;;;Chusquea tessellata;Poaceae
99;3/06/2020;10:59:00;PNN Sumapaz;3367,18;Nelson Nieto;1500;1583510452207.jpg;no aplica;2;10;1500;25;25;11,7;;Cirros;8-feb;10;3;;USB 4000;;;;;-74,18635603;4,206529207;;;;;Escallonia myrtilloides;Escalloniaceae
100;3/06/2020;11:30:00;PNN Sumapaz;3348,68;Nelson Nieto;280;1583512357455.jpg;no aplica;1;10;280;25;25;11,7;;Cirros;8-feb;11;2;;USB 4000;;;;;-74,18670586;4,206404003;;;;;Miconia elaeoides ;Melastomataceae
101;3/06/2020;2:15:00;PNN Sumapaz;3252,96;Nelson Nieto;60;1583522240878.jpg;no aplica;1;10;60;25;25;11,7;;Cirros;8-feb;11;1;;USB 4000;;;;;-74,18411904;4,181048386;;;;;Phytolacca bogotensis;Phytolaccaceae
102;3/06/2020;1:38:00;PNN Sumapaz;3246,01;Nelson Nieto;300;1583519972220.jpg;no aplica;2;10;300;25;25;11,7;;Cirros;8-feb;11;2;;USB 4000;;;;;-74,1844458;4,181322128;;;;;Ulex eurapaeus;Leguminosae
103;3/06/2020;10:44:00;PNN Sumapaz;3364,72;Nelson Nieto;1500;1583509583455.jpg;no aplica;3;10;1500;25;25;11,7;;Cirros;8-feb;10;3;;USB 4000;;;;;-74,18642501;4,206552843;;;;;Weinmannia fagaroides;Cunoniaceae
104;3/10/2020;11:34:00;Verjón Alto;3350,34;Nelson Nieto;94;;no aplica;2;10;94;25;25;11,7;;Estratocumulos;8-Apr;14;2;;USB 4000;;;;;-74,00916954;4,568180687;;;;;Aragoa abietina;Plantaginaceae
105;3/10/2020;10:44:00;Verjón Alto;3363,53;Nelson Nieto;80;;no aplica;2;10;80;25;25;11,7;;Estratocumulos;8-Apr;13;1;;USB 4000;;;;;-74,00849707;4,567557382;;;;;Arcytophyllum nitidum;Rubiaceae
106;3/10/2020;8:59:00;Verjón Alto;3371,42;Nelson Nieto;40;;no aplica;2;10;40;25;25;11,7;;Estratocumulos;8-Apr;12;1;;USB 4000;;;;;-74,00691075;4,566283724;;;;;Calamagrostis effusa;Poaceae
107;3/10/2020;11:13:00;Verjón Alto;3356,45;Nelson Nieto;250;;no aplica;1;10;250;25;25;11,7;;Estratocumulos;8-Apr;13;1;;USB 4000;;;;;-74,00878457;4,567694662;;;;;Chusquea tessellata;Poaceae
108;3/10/2020;8:51:00;Verjón Alto;3365,62;Nelson Nieto;45;;no aplica;2;10;45;25;25;11,7;;Estratocumulos;8-Apr;12;1;;USB 4000;;;;;-74,00689832;4,566229534;;;;;Espeletia argentea;Compositae
109;3/10/2020;9:18:00;Verjón Alto;3369,74;Nelson Nieto;135;;no aplica;2;10;135;25;25;11,7;;Estratocumulos;8-Apr;12;1;;USB 4000;;;;;-74,00777853;4,567269442;;;;;Espeletiopsis bogotensis;Compositae
110;3/10/2020;9:46:00;Verjón Alto;3367,48;Nelson Nieto;210;;no aplica;2;10;210;25;25;11,7;;Estratocumulos;8-Apr;12;1;;USB 4000;;;;;-74,00780538;4,567398108;;;;;Gaultheria myrsinoides;Ericaceae
111;3/10/2020;10:32:00;Verjón Alto;3356,05;Nelson Nieto;20;;no aplica;2;10;20;25;25;11,7;;Estratocumulos;8-Apr;13;1;;USB 4000;;;;;-74,00844894;4,56741594;;;;;Leptodontium viticulosoides;Pottiaceae
112;3/10/2020;9:59:00;Verjón Alto;3369,05;Nelson Nieto;275;;no aplica;3;10;275;25;25;11,7;;Estratocumulos;8-Apr;12;1;;USB 4000;;;;;-74,00788376;4,56743015;;;;;Macleania rupestris ;Ericaceae
113;3/10/2020;11:26:00;Verjón Alto;3347,78;Nelson Nieto;15;;no aplica;2;10;15;25;25;11,7;;Estratocumulos;8-Apr;13;1;;USB 4000;;;;;-74,00897319;4,567951526;;;;;Paepalanthus columbiensis;Eriocaulaceae
114;3/10/2020;9:33:00;Verjón Alto;3367,9;Nelson Nieto;160;;no aplica;2;10;160;25;25;11,7;;Estratocumulos;8-Apr;12;1;;USB 4000;;;;;-74,0077344;4,567252364;;;;;Pentacala pulchella ;Asteraceae
115;3/10/2020;9:13:00;Verjón Alto;3371,04;Nelson Nieto;180;;no aplica;2;10;180;25;25;11,7;;Estratocumulos;8-Apr;12;1;;USB 4000;;;;;-74,00748152;4,567051449;;;;;Pentacalia ledifolia;Compositae
116;3/10/2020;8:35:00;Verjón Alto;3389,69;Nelson Nieto;150;;no aplica;2;10;150;25;25;11,7;;Estratocumulos;8-Apr;12;1;;USB 4000;;;;;-74,00655619;4,566208391;;;;;Puya goudotiana;Bromeliaceae
117;3/10/2020;10:25:00;Verjón Alto;3363,63;Nelson Nieto;245;;no aplica;2;10;245;25;25;11,7;;Estratocumulos;8-Apr;13;1;;USB 4000;;;;;-74,00833585;4,567477174;;;;;Puya santosii;Bromeliaceae
118;3/10/2020;11:39:00;Verjón Alto;3359,46;Nelson Nieto;130;;no aplica;2;10;130;25;25;11,7;;Estratocumulos;8-Apr;14;2;;USB 4000;;;;;-74,00913551;4,568240778;;;;;Vaccinium floribundum;Ericaceae
119;3/10/2020;11:05:00;Verjón Alto;3360,3;Nelson Nieto;800;;no aplica;4;10;800;25;25;11,7;;Estratocumulos;8-Apr;13;1;;USB 4000;;;;;-74,00891812;4,56756019;;;;;Vallea stipularis;Elaeocarpaceae
120;3/11/2020;11:18:00;Verjón Sector Telecom;3370,65;Nelson Nieto;160;1583943571824.jpg;no aplica;2;10;160;25;25;11,7;;Estratocumulos;8-jun;13;2;;USB 4000;;;;;-74,00487235;4,583895913;;;;;Aragoa abietina;Plantaginaceae
121;3/11/2020;11:42:00;Verjón Sector Telecom;3366,69;Nelson Nieto;150;1583941404084.jpg;no aplica;2;10;150;25;25;11,7;;Estratocumulos;8-jun;13;2;;USB 4000;;;;;-74,00512318;4,58367835;;;;;Arcytophyllum nitidum;Rubiaceae
122;3/11/2020;1:23:00;Verjón Sector Telecom;3429,37;Nelson Nieto;120;1583947500459.jpg;no aplica;3;10;120;25;25;11,7;;Estratocumulos;8-jun;13;2;;USB 4000;;;;;-74,00393418;4,583086848;;;;;Bejaria ledifolia;Ericaceae
123;3/11/2020;11:11:00;Verjón Sector Telecom;3372,78;Nelson Nieto;220;1583939526671.jpg;no aplica;2;10;220;25;25;11,7;;Estratocumulos;8-jun;14;2;;USB 4000;;;;;-74,00503454;4,583173812;;;;;Bucquetia glutinosa;Melastomataceae
124;3/11/2020;11:18:00;Verjón Sector Telecom;3374,3;Nelson Nieto;175;1583939987640.jpg;no aplica;2;10;175;25;25;11,7;;Estratocumulos;8-jun;13;2;;USB 4000;;;;;-74,00502835;4,583325;;;;;Espeletia grandiflora;Compositae
125;3/11/2020;10:58:00;Verjón Sector Telecom;3378,91;Nelson Nieto;250;1583938805172.jpg;no aplica;2;10;250;25;25;11,7;;Estratocumulos;8-jun;13;1;;USB 4000;;;;;-74,00482982;4,583264668;;;;;Gaultheria myrsinoides;Ericaceae
126;3/11/2020;1:02:00;Verjón Sector Telecom;3395,02;Nelson Nieto;100;1583946244867.jpg;no aplica;2;10;100;25;25;11,7;;Estratocumulos;8-jun;13;2;;USB 4000;;;;;-74,00439022;4,583078893;;;;;Hesperomeles  goudotiana;Rosaceae
127;3/11/2020;12:25:00;Verjón Sector Telecom;3367,49;Nelson Nieto;150;1583944007666.jpg;no aplica;1;10;150;25;25;11,7;;Estratocumulos;8-jun;13;2;;USB 4000;;;;;-74,00487249;4,583957593;;;;;Hypericum goyanesii;Hypericaceae
128;3/11/2020;11:06:00;Verjón Sector Telecom;3380,21;Nelson Nieto;30;1583939239951.jpg;no aplica;2;10;30;25;25;11,7;;Estratocumulos;8-jun;14;2;;USB 4000;;;;;-74,00494979;4,583131629;;;;;Leptodontium viticulosoides;Pottiaceae
129;3/11/2020;11:31:00;Verjón Sector Telecom;3372,22;Nelson Nieto;200;1583940972054.jpg;no aplica;2;10;200;25;25;11,7;;Estratocumulos;8-jun;13;2;;USB 4000;;;;;-74,00512454;4,583598728;;;;;Linochilus ochraceus;Compositae
130;3/11/2020;11:50:00;Verjón Sector Telecom;3362,52;Nelson Nieto;230;1583942004280.jpg;no aplica;2;10;230;25;25;11,7;;Estratocumulos;8-jun;13;2;;USB 4000;;;;;-74,00498354;4,583751107;;;;;Oreopanax mutisianus;Araliaceae
131;3/11/2020;10:52:00;Verjón Sector Telecom;3380,35;Nelson Nieto;300;1583938452208.jpg;no aplica;4;10;300;25;25;11,7;;Estratocumulos;8-jun;13;1;;USB 4000;;;;;-74,00488301;4,583340938;;;;;Pentacala pulchella ;Asteraceae
132;3/11/2020;12:05:00;Verjón Sector Telecom;3357,32;Nelson Nieto;100;1583942787779.jpg;no aplica;1;10;100;25;25;11,7;;Estratocumulos;8-jun;13;1;;USB 4000;;;;;-74,00493968;4,583836481;;;;;Pentacalia ledifolia;Compositae
133;3/11/2020;12:32:00;Verjón Sector Telecom;3362,07;Nelson Nieto;50;1583944398990.jpg;no aplica;3;10;50;25;25;11,7;;Estratocumulos;8-jun;13;2;;USB 4000;;;;;-74,00492029;4,583993589;;;;;Vaccinium floribundum;Ericaceae
134;3/12/2020;12:00:00;Vía La Calera;3132,29;Nelson Nieto;300;1584028949682.jpg;no aplica;2;10;300;25;25;11,7;;Estratocumulos;8-Apr;13;1;;USB 4000;;;;;-74,01877806;4,601233538;;;;;Ageratina asclepiadea;Compositae
135;3/12/2020;10:45:00;Vía La Calera;3163,13;Nelson Nieto;130;1584024429355.jpg;no aplica;2;10;130;25;25;11,7;;Estratocumulos;8-Apr;12;2;;USB 4000;;;;;-74,01961929;4,601080932;;;;;Bejaria resinosa;Ericaceae
136;3/12/2020;11:46:00;Vía La Calera;3142,5;Nelson Nieto;400;1584028021979.jpg;1584028039199.jpg;2;10;400;25;25;11,7;;Estratocumulos;8-Apr;13;1;;USB 4000;;;;;-74,01906252;4,600824424;;;;;Eucalyptus globulus;Myrtaceae
137;3/12/2020;10:06:00;Vía La Calera;3175,3;Nelson Nieto;270;1584022074338.jpg;no aplica;2;10;270;25;25;11,7;;Estratocumulos;8-Apr;12;2;;USB 4000;;;;;-74,01984587;4,601411246;;;;;Gaiadendron punctatum;Loranthaceae
138;3/12/2020;11:34:00;Vía La Calera;3140,17;Nelson Nieto;100;1584027324920.jpg;no aplica;2;10;100;25;25;11,7;;Estratocumulos;8-Apr;13;1;;USB 4000;;;;;-74,01929303;4,600795605;;;;;Gaultheria myrsinoides;Ericaceae
139;3/12/2020;12:29:00;Vía La Calera;3125,92;Nelson Nieto;90;1584030585142.jpg;no aplica;2;10;90;25;25;11,7;;Estratocumulos;8-Apr;13;1;;USB 4000;;;;;-74,01901647;4,601910442;;;;;Hesperomeles  goudotiana;Rosaceae
140;3/12/2020;12:48:00;Vía La Calera;3128,8;Nelson Nieto;600;1584031909213.jpg;no aplica;2;10;600;25;25;11,7;;Estratocumulos;8-Apr;13;1;;USB 4000;;;;;-74,01903012;4,602198005;;;;;Hesperomeles  goudotiana;Rosaceae
141;3/12/2020;12:17:00;Vía La Calera;3125,67;Nelson Nieto;160;1584029911667.jpg;no aplica;2;10;160;25;25;11,7;;Estratocumulos;8-Apr;13;1;;USB 4000;;;;;-74,01889598;4,60183413;;;;;Hypericum  juniperinum;Hypericaceae
142;3/12/2020;9:59:00;Vía La Calera;3167,23;Nelson Nieto;250;1584021720997.jpg;no aplica;2;10;250;25;25;11,7;;Estratocumulos;8-mar;12;2;;USB 4000;;;;;-74,01973268;4,601470579;;;;;Linochilus revolutus;Compositae
143;3/12/2020;10:30:00;Vía La Calera;3155,65;Nelson Nieto;200;1584023556113.jpg;no aplica;2;10;200;25;25;11,7;;Estratocumulos;8-Apr;12;2;;USB 4000;;;;;-74,01969701;4,600904063;;;;;Miconia ligustrina;Melastomataceae
144;3/12/2020;10:52:00;Vía La Calera;3166,7;Nelson Nieto;450;1584024973921.jpg;no aplica;2;10;450;25;25;11,7;;Estratocumulos;8-Apr;13;2;;USB 4000;;;;;-74,0197964;4,601252809;;;;;Oreopanax bogotensis;Araliaceae
145;3/12/2020;11:11:00;Vía La Calera;3173,41;Nelson Nieto;600;1584026003699.jpg;1584026027529.jpg;2;10;600;25;25;11,7;;Estratocumulos;8-Apr;13;1;;USB 4000;;;;;-74,0200695;4,601339954;;;;;Vallea stipularis;Elaeocarpaceae
146;3/12/2020;12:10:00;Vía La Calera;3133,04;Nelson Nieto;700;1584029485177.jpg;1584029506382.jpg;2;10;700;25;25;11,7;;Estratocumulos;8-Apr;13;1;;USB 4000;;;;;-74,01871605;4,601391298;;;;;Viburnum triphyllum;Adoxaceae
147;5/29/2020;11:10:00;Vereda Romeral, sector Crambray;3565,47;Hernando Hernandez;120;1590768712384.jpg;no aplica;2;10;120;25;25;11,7;;Estratocumulos;8-jun;15;4;;HDX y NIRQUEST;;;;;-74,22160715;4,406325086;;;;;Acaena elongata;Rosaceae
148;5/29/2020;11:23:00;Vereda Romeral, sector Crambray;3562,74;Hernando Hernandez;110;1590769471072.jpg;no aplica;2;10;110;25;25;11,7;;Estratocumulos;8-jun;15;4;;HDX y NIRQUEST;;;;;-74,2213651;4,406316429;;;;;Achyrocline saturejoides;Compositae
149;5/29/2020;10:33:00;Vereda Romeral, sector Crambray;3383;Hernando Hernandez;;;no aplica;2;10;;25;25;11,7;;Estratocumulos;8-jun;15;4;;HDX y NIRQUEST;;;;;-74,222659;4,406639;;;;;Alnus acuminata ;Betulaceae
150;5/29/2020;12:05:00;Vereda Romeral, sector Crambray;3563,68;Hernando Hernandez;70;1590772069825.jpg;no aplica;2;10;70;25;25;11,7;;Estratocumulos;8-jun;15;4;;HDX y NIRQUEST;;;;;-74,2208141;4,406027142;;;;;Arcytophyllum nitidum ;Rubiaceae
151;5/29/2020;10:38:00;Vereda Romeral, sector Crambray;3446;Hernando Hernandez;;;no aplica;2;10;;25;25;11,7;;Estratocumulos;8-jun;15;4;;HDX y NIRQUEST;;;;;-74,222654;4,406584;;;;;Baccharis prunifolia ;Compositae
152;5/29/2020;11:50:00;Vereda Romeral, sector Crambray;3559,72;Hernando Hernandez;300;1590771087664.jpg;no aplica;2;10;300;25;25;11,7;;Estratocumulos;8-jun;15;4;;HDX y NIRQUEST;;;;;-74,22095085;4,406130723;;;;;Chusquea tessellata;Poaceae
153;5/29/2020;14:11:00;Vereda Romeral, sector Crambray;3547,55;Hernando Hernandez;200;1590779638028.jpg;no aplica;2;10;200;25;25;11,7;;Estratocumulos;8-jun;15;4;;HDX y NIRQUEST;;;;;-74,22230468;4,406498033;;;;;Escallonia myrtilloides ;Escalloniaceae
154;5/29/2020;13:00:00;Vereda Romeral, sector Crambray;3569,23;Hernando Hernandez;167;1590775336204.jpg;no aplica;2;10;167;25;25;11,7;;Estratocumulos;8-jun;15;4;;HDX y NIRQUEST;;;;;-74,22020406;4,406291253;;;;;Espeletia grandiflora;Compositae
155;5/29/2020;12:48:00;Vereda Romeral, sector Crambray;3562,24;Hernando Hernandez;170;1590774566192.jpg;no aplica;2;10;170;25;25;11,7;;Estratocumulos;8-jun;15;4;;HDX y NIRQUEST;;;;;-74,22063005;4,405921587;;;;;Gaiadendron punctatum;Loranthaceae
156;5/29/2020;10:44:00;Vereda Romeral, sector Crambray;3559,07;Hernando Hernandez;200;1590767128085.jpg;no aplica;2;10;200;25;25;11,7;;Estratocumulos;8-jun;15;4;;HDX y NIRQUEST;;;;;-74,22238382;4,406517326;;;;;Hesperomeles  goudotiana;Rosaceae
157;5/29/2020;10:40:00;Vereda Romeral, sector Crambray;3505;Hernando Hernandez;80;;no aplica;2;10;;25;25;11,7;;Estratocumulos;8-jun;15;4;;HDX y NIRQUEST;;;;;-74,222616;4,406634;;;;;Hypericum myriicarifolium;Hypericaceae
158;5/29/2020;13:23:00;Vereda Romeral, sector Crambray;3571,78;Hernando Hernandez;15;1590776675180.jpg;no aplica;2;10;15;25;25;11,7;;Estratocumulos;8-jun;15;4;;HDX y NIRQUEST;;;;;-74,22045074;4,406234744;;;;;Lycopodium clavatum;Lycopodiaceae
159;5/29/2020;10:54:00;Vereda Romeral, sector Crambray;3557,58;Hernando Hernandez;190;1590767820394.jpg;no aplica;2;10;190;25;25;11,7;;Estratocumulos;8-jun;15;4;;HDX y NIRQUEST;;;;;-74,22228439;4,406465699;;;;;Monnina aestuans;Polygalaceae
160;5/29/2020;11:57:00;Vereda Romeral, sector Crambray;3555,39;Hernando Hernandez;25;1590771522267.jpg;no aplica;2;10;25;25;25;11,7;;Estratocumulos;8-jun;15;4;;HDX y NIRQUEST;;;;;-74,2208338;4,406077481;;;;;Paepalanthus columbiensis;Eriocaulaceae
161;5/29/2020;13:36:00;Vereda Romeral, sector Crambray;3570,75;Hernando Hernandez;165;1590777460137.jpg;no aplica;2;10;165;25;25;11,7;;Estratocumulos;8-jun;15;4;;HDX y NIRQUEST;;;;;-74,22065991;4,406167727;;;;;Puya goudotiana ;Bromeliaceae
162;5/29/2020;13:45:00;Vereda Romeral, sector Crambray;3566,6;Hernando Hernandez;60;1590777974708.jpg;no aplica;2;10;60;25;25;11,7;;Estratocumulos;8-jun;15;4;;HDX y NIRQUEST;;;;;-74,22061495;4,406105564;;;;;Vaccinium floribundum;Ericaceae
163;5/29/2020;11:36:00;Vereda Romeral, sector Crambray;3561,86;Hernando Hernandez;150;1590770405427.jpg;no aplica;2;10;150;25;25;11,7;;Estratocumulos;8-jun;15;4;;HDX y NIRQUEST;;;;;-74,22109331;4,406055194;;;;;Valeriana pilosa;Caprifoliaceae
164;5/29/2020;13:10:00;Vereda Romeral, sector Crambray;3569,78;Hernando Hernandez;550;1590775930397.jpg;no aplica;2;10;550;25;25;11,7;;Estratocumulos;8-jun;15;4;;HDX y NIRQUEST;;;;;-74,22045413;4,406329767;;;;;Weinmannia fagaroides;Cunoniaceae
165;9/06/2020;11:04:00;Vereda Colorados ;3791;Hernando Hernandez;30;1591718753923.jpg;no aplica;2;10;30;25;25;11,7;;Estratocumulos;8-jun;14;3;;HDX y NIRQUEST;;;;;-74,21549475;4,370388184;;;;;Calamagrostis effusa;Poaceae
166;9/06/2020;10:33:00;Vereda Colorados ;3793;Hernando Hernandez;200;1591716892435.jpg;no aplica;2;10;200;25;25;11,7;;Estratocumulos;8-jun;14;3;;HDX y NIRQUEST;;;;;-74,21556293;4,370651504;;;;;Chusquea tessellata;Poaceae
167;9/06/2020;9:45:00;Vereda Colorados ;3791;Hernando Hernandez;100;1591714211120.jpg;no aplica;2;10;100;25;25;11,7;;Estratocumulos;8-jun;14;3;;HDX y NIRQUEST;;;;;-74,21522536;4,371953656;;;;;Espeletia grandiflora;Compositae
168;9/06/2020;10:45:00;Vereda Colorados ;3791;Hernando Hernandez;70;1591717597341.jpg;no aplica;2;10;70;25;25;11,7;;Estratocumulos;8-jun;14;3;;HDX y NIRQUEST;;;;;-74,21561904;4,370244063;;;;;Espeletia grandiflora ;Compositae
169;9/06/2020;11:28:00;Vereda Colorados ;3762;Hernando Hernandez;60;1591720173918.jpg;no aplica;2;10;60;25;25;11,7;;Estratocumulos;8-Aug;14;3;;HDX y NIRQUEST;;;;;-74,21234998;4,371783112;;;;;Hypericum myriicarifolium;Hypericaceae
170;9/06/2020;11:36:00;Vereda Colorados ;3759;Hernando Hernandez;350;1591720628761.jpg;no aplica;2;10;350;25;25;11,7;;Estratocumulos;9-Aug;14;3;;HDX y NIRQUEST;;;;;-74,21235768;4,371709907;;;;;Linochilus revolutus;Compositae
171;9/06/2020;10:20:00;Vereda Colorados ;3791;Hernando Hernandez;200;1591716086175.jpg;no aplica;3;10;200;25;25;11,7;;Estratocumulos;8-jun;14;3;;HDX y NIRQUEST;;;;;-74,21527292;4,371261585;;;;;Miconia  salicifolia ;Melastomataceae
172;9/06/2020;10:07:00;Vereda Colorados ;3793;Hernando Hernandez;70;1591715325524.jpg;no aplica;2;10;70;25;25;11,7;;Estratocumulos;8-jun;14;3;;HDX y NIRQUEST;;;;;-74,21523098;4,371461075;;;;;Puya santosii;Bromeliaceae
173;9/06/2020;10:53:00;Vereda Colorados ;3789;Hernando Hernandez;300;1591718109526.jpg;no aplica;2;10;300;25;25;11,7;;Estratocumulos;8-jun;14;3;;HDX y NIRQUEST;;;;;-74,21577141;4,370136968;;;;;Puya santosii;Bromeliaceae
174;9/06/2020;9:54:00;Vereda Colorados ;3790;Hernando Hernandez;80;1591714609409.jpg;no aplica;2;10;80;25;25;11,7;;Estratocumulos;8-jun;14;3;;HDX y NIRQUEST;;;;;-74,21529835;4,371725452;;;;;Valeriana pilosa;Caprifoliaceae
175;6/11/2020;10:15:00;La Aguadora;2810;Hernando Hernandez;50;1591888630827.jpg;no aplica;2;10;50;25;25;11,7;;Estratocumulos;8-jun;15;4;;HDX y NIRQUEST;;;;;-74,01975867;4,685307974;;;;;Arcytophyllum nitidum ;Rubiaceae
176;11/06/2020;9:23:00;La Aguadora;2816;Hernando Hernandez;250;1591885571164.jpg;no aplica;2;10;250;25;25;11,7;;Estratocumulos;8-jun;15;4;;HDX y NIRQUEST;;;;;-74,02055936;4,684881584;;;;;Clethra fimbriata;Clethraceae
177;11/06/2020;9:04:00;La Aguadora;2823;Hernando Hernandez;110;1591884322350.jpg;no aplica;2;10;110;25;25;11,7;;Estratocumulos;8-jun;15;4;;HDX y NIRQUEST;;;;;-74,02030002;4,684800559;;;;;Espeletiopsis bogotensis;Compositae
178;11/06/2020;11:44:00;La Aguadora;2790;Hernando Hernandez;2000;1591894033510.jpg;1591894075871.jpg;6;10;2000;25;25;11,7;;Estratocumulos;8-jun;15;4;;HDX y NIRQUEST;;;;;-74,01939747;4,686482404;;;;;Eucalyptus globulus ;Myrtaceae
179;11/06/2020;8:53:00;La Aguadora;2825;Hernando Hernandez;300;1591883797991.jpg;no aplica;2;10;300;25;25;11,7;;Estratocumulos;8-jun;15;4;;HDX y NIRQUEST;;;;;-74,02015316;4,684870458;;;;;Miconia squamulosa;Melastomataceae
180;11/06/2020;10:25:00;La Aguadora;2842;Hernando Hernandez;250;1591889240932.jpg;no aplica;2;10;250;25;25;11,7;;Estratocumulos;8-jun;15;4;;HDX y NIRQUEST;;;;;-74,01956424;4,685299383;;;;;Myrcianthes leucoxyla;Myrtaceae
181;11/06/2020;9:53:00;La Aguadora;2809;Hernando Hernandez;250;1591887434588.jpg;no aplica;4;10;250;25;25;11,7;;Estratocumulos;8-jun;15;4;;HDX y NIRQUEST;;;;;-74,02091197;4,68468741;;;;;Myrsine coriacea;Primulaceae
182;11/06/2020;9:36:00;La Aguadora;2814;Hernando Hernandez;300;1591886317154.jpg;no aplica;2;10;300;25;25;11,7;;Estratocumulos;8-jun;15;4;;HDX y NIRQUEST;;;;;-74,02064279;4,684877925;;;;;Myrsine guianensis;Primulaceae
183;11/06/2020;9:14:00;La Aguadora;2819;Hernando Hernandez;165;1591884927563.jpg;no aplica;2;10;165;25;25;11,7;;Estratocumulos;8-jun;15;4;;HDX y NIRQUEST;;;;;-74,02048087;4,684793536;;;;;Palicourea angustifolia ;Rubiaceae
184;11/06/2020;8:42:00;La Aguadora;2823;Hernando Hernandez;900;1591883054102.jpg;no aplica;7;10;900;25;25;11,7;;Estratocumulos;8-jun;15;4;;HDX y NIRQUEST;;;;;-74,02026011;4,685124766;;;;;Pinus patula ;Pinaceae
185;11/06/2020;9:44:00;La Aguadora;2810;Hernando Hernandez;400;1591886771683.jpg;no aplica;2;10;400;25;25;11,7;;Estratocumulos;8-jun;15;4;;HDX y NIRQUEST;;;;;-74,02085205;4,684812218;;;;;Pinus patula ;Pinaceae
186;11/06/2020;10:41:00;La Aguadora;2856;Hernando Hernandez;130;1591890220307.jpg;no aplica;2;10;130;25;25;11,7;;Estratocumulos;8-jun;15;4;;HDX y NIRQUEST;;;;;-74,01901423;4,685344016;;;;;Pteridium aquilinum;Dennstaedtiaceae
187;11/06/2020;11:22:00;La Aguadora;2819;Hernando Hernandez;100;1591892733352.jpg;no aplica;4;10;100;25;25;11,7;;Estratocumulos;8-jun;15;4;;HDX y NIRQUEST;;;;;-74,02037717;4,685700961;;;;;Ulex eurapaeus;Leguminosae
188;7/22/2020;12:16:00;Quebrada las delicias;2854,43;Hernando Hernandez;400;1595434649744.jpg;no aplica;2;10;400;25;25;11,7;;Cirros;8-jul;9;3;;HDX y NIRQUEST;;;;;-74,05090806;4,636987099;;;;;Ageratina asclepiadea;Compositae
189;7/22/2020;12:06:00;Quebrada las delicias;2806,12;Hernando Hernandez;200;1595434079134.jpg;no aplica;2;10;200;25;25;11,7;;Cirros;8-jul;9;2;;HDX y NIRQUEST;;;;;-74,05067203;4,637152045;;;;;Baccharis latifolia;Compositae
190;7/22/2020;13:01:00;Quebrada las delicias;2730,04;Hernando Hernandez;250;1595437349113.jpg;no aplica;1;10;250;25;25;11,7;;Cirros;8-Aug;10;2;;HDX y NIRQUEST;;;;;-74,05171507;4,636889073;;;;;Cavendishia bracteata;Ericaceae
191;7/22/2020;10:20:00;Quebrada las delicias;2883,19;Hernando Hernandez;100;1595427677802.jpg;no aplica;1;10;100;25;25;11,7;;Cirros;8-jul;9;2;;HDX y NIRQUEST;;;;;-74,0507102;4,637050199;;;;;Chusquea scandens;Poaceae
192;7/22/2020;10:34:00;Quebrada las delicias;2861,94;Hernando Hernandez;200;1595428675916.jpg;no aplica;1;10;200;25;25;11,7;;Cirros;8-jul;9;2;;HDX y NIRQUEST;;;;;-74,04991291;4,636301547;;;;;Citharexylum sulcatum;Verbenaceae
193;7/22/2020;11:13:00;Quebrada las delicias;2843,46;Hernando Hernandez;400;1595430880607.jpg;no aplica;1;10;400;25;25;11,7;;Cirros;8-jul;9;2;;HDX y NIRQUEST;;;;;-74,04997942;4,636021231;;;;;Clusia multiflora;Clusiaceae
194;7/22/2020;13:04:00;Quebrada las delicias;2808,48;Hernando Hernandez;100;1595437698701.jpg;no aplica;1;10;100;25;25;11,7;;Cirros;8-Aug;15;2;;HDX y NIRQUEST;;;;;-74,05173948;4,636930365;;;;;Hypericum  juniperinum;Hypericaceae
195;7/22/2020;9:17:00;Quebrada las delicias;2782,02;Hernando Hernandez;250;1595424076701.jpg;no aplica;1;10;250;25;25;11,7;;Cirros;8-jul;9;2;;HDX y NIRQUEST;;;;;-74,05193079;4,636964536;;;;;Linochilus revolutus;Compositae
196;7/22/2020;11:22:00;Quebrada las delicias;2845,22;Hernando Hernandez;1000;1595431384424.jpg;no aplica;1;10;1000;25;25;11,7;;Cirros;8-jul;9;2;;HDX y NIRQUEST;;;;;-74,04982818;4,636391526;;;;;Meliosma bogotana;Sabiaceae
197;7/22/2020;10:00:00;Quebrada las delicias;2882,81;Hernando Hernandez;400;1595426582901.jpg;no aplica;1;10;400;25;25;11,7;;Cirros;8-jul;9;2;;HDX y NIRQUEST;;;;;-74,05119376;4,637095498;;;;;Miconia elaeoides ;Melastomataceae
198;7/22/2020;12:55:00;Quebrada las delicias;2789,53;Hernando Hernandez;180;1595436979869.jpg;no aplica;1;10;180;25;25;11,7;;Cirros;8-Aug;10;4;;HDX y NIRQUEST;;;;;-74,05175806;4,637027419;;;;;Miconia parvifolia;Melastomataceae
199;7/22/2020;12:43:00;Quebrada las delicias;2650,11;Hernando Hernandez;400;1595436251148.jpg;no aplica;1;10;400;25;25;11,7;;Cirros;8-Aug;9;4;;HDX y NIRQUEST;;;;;-74,05137456;4,636429342;;;;;Morella pubescens ;Myricaceae
200;7/22/2020;11:31:00;Quebrada las delicias;2904,27;Hernando Hernandez;200;1595431945606.jpg;no aplica;1;10;200;25;25;11,7;;Cirros;8-jul;9;2;;HDX y NIRQUEST;;;;;-74,05008079;4,636419733;;;;;Myrsine coriacea;Primulaceae
201;7/22/2020;10:46:00;Quebrada las delicias;2914,01;Hernando Hernandez;450;1595429490559.jpg;no aplica;1;10;450;25;25;11,7;;Cirros;8-jul;9;2;;HDX y NIRQUEST;;;;;-74,05068311;4,636744191;;;;;Oreopanax incisus;Araliaceae
202;7/22/2020;10:59:00;Quebrada las delicias;2948,36;Hernando Hernandez;200;1595430056460.jpg;no aplica;1;10;200;25;25;11,7;;Cirros;8-jul;9;2;;HDX y NIRQUEST;;;;;-74,05012554;4,637007259;;;;;Psychotria boqueronensis;Rubiaceae
203;7/22/2020;13:12:00;Quebrada las delicias;2725,43;Hernando Hernandez;190;1595438016332.jpg;no aplica;1;10;190;25;25;11,7;;Cirros;8-Aug;15;2;;HDX y NIRQUEST;;;;;-74,05170528;4,636974015;;;;;Ulex eurapaeus;Leguminosae
204;7/22/2020;9:33:00;Quebrada las delicias;2784,15;Hernando Hernandez;400;1595424970095.jpg;1595425084893.jpg;1;10;400;25;25;11,7;;Cirros;8-jul;9;2;;HDX y NIRQUEST;;;;;-74,0512023;4,636922901;;;;;Vallea stipularis;Elaeocarpaceae
205;7/22/2020;9:49:00;Quebrada las delicias;2811,94;Hernando Hernandez;250;1595425842771.jpg;no aplica;2;10;250;25;25;11,7;;Cirros;8-jul;9;2;;HDX y NIRQUEST;;;;;-74,05118833;4,637063502;;;;;weinmannia tomentosa;Cunoniaceae
206;7/23/2020;13:50:00;Quebrada La Vieja;3203,82;Hernando Hernandez;110;1595526813928.jpg;no aplica;1;10;110;25;25;11,7;;Cirros;8-jul;10;1;;HDX y NIRQUEST;;;;;-74,03205115;4,642279225;;;;;Aragoa abietina;Plantaginaceae
207;7/23/2020;9:36:00;Quebrada La Vieja;2935,38;Hernando Hernandez;30;1595515337935.jpg;no aplica;2;10;30;25;25;11,7;;Cirros;8-jun;9;2;;HDX y NIRQUEST;;;;;-74,04025045;4,642437821;;;;;Tillandsia biflora;Bromeliaceae
208;7/23/2020;14:24:00;Quebrada La Vieja;3214,7;Hernando Hernandez;300;;no aplica;1;10;300;25;25;11,7;;Cirros;8-jul;10;1;;HDX y NIRQUEST;;;;;-74,03157449;4,642135763;;;;;Bucquetia glutinosa;Melastomataceae
209;7/23/2020;12:03:00;Quebrada La Vieja;3142,12;Hernando Hernandez;350;1595520333301.jpg;no aplica;2;10;350;25;25;11,7;;Cirros;8-jun;9;2;;HDX y NIRQUEST;;;;;-74,03488036;4,641581211;;;;;Drymmis granadensis;Winteraceae
210;7/23/2020;13:01:00;Quebrada La Vieja;3180,42;Hernando Hernandez;170;1595523773893.jpg;no aplica;2;10;170;25;25;11,7;;Cirros;8-jul;9;1;;HDX y NIRQUEST;;;;;-74,03280514;4,642124754;;;;;Hypericum goyanesii;Hypericaceae
211;7/23/2020;14:03:00;Quebrada La Vieja;3204,97;Hernando Hernandez;5;1595527486409.jpg;no aplica;1;10;5;25;25;11,7;;Cirros;8-jul;10;1;;HDX y NIRQUEST;;;;;-74,03198638;4,642282294;;;;;Leptodontium viticulosoides;Pottiaceae
212;7/23/2020;12:51:00;Quebrada La Vieja;3184,64;Hernando Hernandez;200;1595523171523.jpg;no aplica;1;10;200;25;25;11,7;;Cirros;8-jun;9;1;;HDX y NIRQUEST;;;;;-74,03284485;4,642173406;;;;;Macleania rupestris ;Ericaceae
213;7/23/2020;12:47:00;Quebrada La Vieja;3222,88;Hernando Hernandez;150;1595522917552.jpg;no aplica;1;10;150;25;25;11,7;;Cirros;8-jun;9;2;;HDX y NIRQUEST;;;;;-74,03277443;4,642249282;;;;;Miconia ligustrina;Melastomataceae
214;7/23/2020;11:28:00;Quebrada La Vieja;3025,48;Hernando Hernandez;300;1595518252390.jpg;no aplica;1;10;300;25;25;11,7;;Cirros;8-jun;9;2;;HDX y NIRQUEST;;;;;-74,03789725;4,641488241;;;;;Myrcianthes cf. orthostemon;Myrtaceae
215;7/23/2020;10:17:00;Quebrada La Vieja;2930,66;Hernando Hernandez;250;1595514061571.jpg;no aplica;1;10;250;25;25;11,7;;Cirros;8-jun;9;2;;HDX y NIRQUEST;;;;;-74,04097217;4,642907395;;;;;Oreopanax bogotensis;Araliaceae
216;7/23/2020;13:40:00;Quebrada La Vieja;3205,43;Hernando Hernandez;250;1595526250597.jpg;no aplica;2;10;250;25;25;11,7;;Cirros;8-jul;10;1;;HDX y NIRQUEST;;;;;-74,03208357;4,642257102;;;;;Oreopanax mutisianus;Araliaceae
217;7/23/2020;11:06:00;Quebrada La Vieja;2925,37;Hernando Hernandez;600;1595516895421.jpg;no aplica;2;10;600;25;25;11,7;;Cirros;8-jun;9;2;;HDX y NIRQUEST;;;;;-74,04002498;4,642382122;;;;;Quercus  humboldtii;Fagaceae
218;7/23/2020;9:40:00;Quebrada La Vieja;2789,61;Hernando Hernandez;500;1595511763783.jpg;1595511786082.jpg;1;10;500;25;25;11,7;;Cirros;8-jun;9;2;;HDX y NIRQUEST;;;;;-74,04357869;4,645878734;;;;;Smallanthus pyramidalis;Compositae
219;7/23/2020;12:19:00;Quebrada La Vieja;3182,67;Hernando Hernandez;200;1595521295123.jpg;no aplica;1;10;200;25;25;11,7;;Cirros;8-jun;9;2;;HDX y NIRQUEST;;;;;-74,0338936;4,641697642;;;;;Tibouchina grossa;Melastomataceae
220;7/23/2020;10:47:00;Quebrada La Vieja;2922,34;Hernando Hernandez;300;1595515872591.jpg;no aplica;1;10;300;25;25;11,7;;Cirros;8-jun;9;2;;HDX y NIRQUEST;;;;;-74,04024661;4,642397756;;;;;Viburnum triphyllum;Adoxaceae
